<?xml version="1.0" encoding="UTF-8"?>
<project default="entity" name="org.eclipse.acceleo.module.sample">
    <property name="ECLIPSE_HOME" value="../../.."/>
    <property name="ECLIPSE_WORKSPACE" value="../.."/>

    <!-- The classpath with only the dependencies used by the project -->
    <path id="org.eclipse.acceleo.module.sample.libraryclasspath">
        <pathelement location="${ECLIPSE_WORKSPACE}/org.eclipse.acceleo.module.sample/bin"/>
        <pathelement location="${ECLIPSE_HOME}/plugins/org.eclipse.core.runtime_3.7.0.v20110110.jar"/>
        <pathelement location="${ECLIPSE_HOME}/plugins/org.eclipse.osgi_3.7.2.v20120110-1415.jar"/>
        <pathelement location="${ECLIPSE_HOME}/plugins/org.eclipse.equinox.common_3.6.0.v20110523.jar"/>
        <pathelement location="${ECLIPSE_HOME}/plugins/org.eclipse.core.jobs_3.5.101.v20120113-1953.jar"/>
        <pathelement location="${ECLIPSE_HOME}/plugins/org.eclipse.core.runtime.compatibility.registry_3.5.0.v20110505/runtime_registry_compatibility.jar"/>
        <pathelement location="${ECLIPSE_HOME}/plugins/org.eclipse.equinox.registry_3.5.101.R37x_v20110810-1611.jar"/>
        <pathelement location="${ECLIPSE_HOME}/plugins/org.eclipse.equinox.preferences_3.4.2.v20120111-2020.jar"/>
        <pathelement location="${ECLIPSE_HOME}/plugins/org.eclipse.core.contenttype_3.4.100.v20110423-0524.jar"/>
        <pathelement location="${ECLIPSE_HOME}/plugins/org.eclipse.equinox.app_1.3.100.v20110321.jar"/>
        <pathelement location="${ECLIPSE_HOME}/plugins/br.ufes.inf.ctx_1.0.0.201209070856"/>
        <pathelement location="${ECLIPSE_HOME}/plugins/org.eclipse.emf.ecore_2.7.0.v20120127-1122.jar"/>
        <pathelement location="${ECLIPSE_HOME}/plugins/org.eclipse.emf.common_2.7.0.v20120127-1122.jar"/>
        <pathelement location="${ECLIPSE_HOME}/plugins/br.ufes.inf.sml_1.0.0.201209070856"/>
        <pathelement location="${ECLIPSE_HOME}/plugins/org.eclipse.emf.ecore.xmi_2.7.0.v20120127-1122.jar"/>
        <pathelement location="${ECLIPSE_HOME}/plugins/org.eclipse.ocl_3.1.0.v20120206-0606.jar"/>
        <pathelement location="${ECLIPSE_HOME}/plugins/lpg.runtime.java_2.0.17.v201004271640.jar"/>
        <pathelement location="${ECLIPSE_HOME}/plugins/org.eclipse.ocl.ecore_3.1.2.v20111015-2027.jar"/>
        <pathelement location="${ECLIPSE_HOME}/plugins/org.eclipse.acceleo.common_3.2.2.v20120807-0831.jar"/>
        <pathelement location="${ECLIPSE_HOME}/plugins/org.eclipse.acceleo.parser_3.2.2.v20120807-0831.jar"/>
        <pathelement location="${ECLIPSE_HOME}/plugins/org.eclipse.acceleo.model_3.2.2.v20120807-0831.jar"/>
        <pathelement location="${ECLIPSE_HOME}/plugins/org.eclipse.acceleo.profiler_3.2.2.v20120807-0831.jar"/>
        <pathelement location="${ECLIPSE_HOME}/plugins/org.eclipse.acceleo.engine_3.2.2.v20120807-0831.jar"/>
        <pathelement location="${ECLIPSE_HOME}/plugins/org.eclipse.emf.codegen.ecore_2.7.0.v20120130-0943.jar"/>
        <pathelement location="${ECLIPSE_HOME}/plugins/org.eclipse.emf.codegen_2.6.0.v20120130-0943.jar"/>
        <pathelement location="${ECLIPSE_HOME}/plugins/com.google.guava_11.0.1.jar"/>
    </path>

    <path id="org.eclipse.acceleo.module.sample.classpath">
        <path refid="org.eclipse.acceleo.module.sample.libraryclasspath"/>
    </path>

    <!-- The classpath with only the jars available in the plugin folder of Eclipse -->
    <path id="org.eclipse.acceleo.module.sample.libraryclasspath.alljars">
        <pathelement location="../org.eclipse.acceleo.module.sample/bin"/>
        <fileset dir="${ECLIPSE_HOME}/plugins/" includes="*.jar"/>
    </path>

    <path id="org.eclipse.acceleo.module.sample.classpath.alljars">
        <path refid="org.eclipse.acceleo.module.sample.libraryclasspath.alljars"/>
    </path>

    <!-- The default task with the jars used by this project -->
    <target name="entity">
        <java classname="org.eclipse.acceleo.module.sample.main.Entity" classpathref="org.eclipse.acceleo.module.sample.classpath">
            <arg value="${model}"/>
            <arg value="${target}"/>
        </java>
    </target>

    <!--
        In case of problem you can also try with all the jar available in your Eclipse
        Keep in mind that having two versions of the same jar can create problems
    -->
    <target name="entity.alljars">
        <java classname="org.eclipse.acceleo.module.sample.main.Entity" classpathref="org.eclipse.acceleo.module.sample.classpath">
            <arg value="${model}"/>
            <arg value="${target}"/>
        </java>
    </target>
</project>
